{"restart_count": 1, "last_restart": "2026-02-08T19:32:54.136100", "timestamp": 1770575574.136113}