{"restart_count": 12, "last_restart": "2026-02-09T01:29:07.764519", "timestamp": 1770596947.7645292}